<?xml version="1.0" encoding="UTF-8"?>
<project-private xmlns="http://www.netbeans.org/ns/project-private/1">
    <editor-bookmarks xmlns="http://www.netbeans.org/ns/editor-bookmarks/2" lastBookmarkId="0"/>
    <open-files xmlns="http://www.netbeans.org/ns/projectui-open-files/2">
        <group>
            <file>file:/C:/Users/Maicoln/Desktop/ALPOO-master%20(2)/ALPOO-master/Unib/src/view/TelaInicio.java</file>
            <file>file:/C:/Users/Maicoln/Desktop/ALPOO-master%20(2)/ALPOO-master/Unib/src/util/AdicionaFoto.java</file>
            <file>file:/C:/Users/Maicoln/Desktop/ALPOO-master%20(2)/ALPOO-master/Unib/src/dao/AlunoDAO.java</file>
            <file>file:/C:/Users/Maicoln/Desktop/ALPOO-master%20(2)/ALPOO-master/Unib/src/unib/Principal.java</file>
            <file>file:/C:/Users/Maicoln/Desktop/ALPOO-master%20(2)/ALPOO-master/Unib/src/model/Aluno.java</file>
        </group>
    </open-files>
</project-private>
